audit_logs|audit_logs_correlation_id_index|CREATE INDEX audit_logs_correlation_id_index ON public.audit_logs USING btree (correlation_id)
audit_logs|audit_logs_office_id_action_created_at_index|CREATE INDEX audit_logs_office_id_action_created_at_index ON public.audit_logs USING btree (office_id, action, created_at)
audit_logs|audit_logs_pkey|CREATE UNIQUE INDEX audit_logs_pkey ON public.audit_logs USING btree (id)
audit_logs|audit_logs_subject_type_subject_id_index|CREATE INDEX audit_logs_subject_type_subject_id_index ON public.audit_logs USING btree (subject_type, subject_id)
cache|cache_expiration_index|CREATE INDEX cache_expiration_index ON public.cache USING btree (expiration)
cache|cache_pkey|CREATE UNIQUE INDEX cache_pkey ON public.cache USING btree (key)
cache_locks|cache_locks_expiration_index|CREATE INDEX cache_locks_expiration_index ON public.cache_locks USING btree (expiration)
cache_locks|cache_locks_pkey|CREATE UNIQUE INDEX cache_locks_pkey ON public.cache_locks USING btree (key)
channel_sync_cursor_transitions|channel_sync_cursor_transitions_pkey|CREATE UNIQUE INDEX channel_sync_cursor_transitions_pkey ON public.channel_sync_cursor_transitions USING btree (id)
channel_sync_cursor_transitions|csc_transitions_correlation|CREATE INDEX csc_transitions_correlation ON public.channel_sync_cursor_transitions USING btree (correlation_id)
channel_sync_cursor_transitions|csc_transitions_office_cursor_at|CREATE INDEX csc_transitions_office_cursor_at ON public.channel_sync_cursor_transitions USING btree (office_id, channel_sync_cursor_id, occurred_at)
channel_sync_cursor_transitions|csc_transitions_office_event|CREATE INDEX csc_transitions_office_event ON public.channel_sync_cursor_transitions USING btree (office_id, event)
channel_sync_cursors|channel_sync_cursors_office_id_channel_index|CREATE INDEX channel_sync_cursors_office_id_channel_index ON public.channel_sync_cursors USING btree (office_id, channel)
channel_sync_cursors|channel_sync_cursors_pkey|CREATE UNIQUE INDEX channel_sync_cursors_pkey ON public.channel_sync_cursors USING btree (id)
channel_sync_cursors|channel_sync_cursors_status_next_sync_at_index|CREATE INDEX channel_sync_cursors_status_next_sync_at_index ON public.channel_sync_cursors USING btree (status, next_sync_at)
channel_sync_cursors|channel_sync_cursors_unique|CREATE UNIQUE INDEX channel_sync_cursors_unique ON public.channel_sync_cursors USING btree (establishment_id, environment, source, channel)
client_contacts|client_contacts_client_id_is_active_index|CREATE INDEX client_contacts_client_id_is_active_index ON public.client_contacts USING btree (client_id, is_active)
client_contacts|client_contacts_office_id_client_id_index|CREATE INDEX client_contacts_office_id_client_id_index ON public.client_contacts USING btree (office_id, client_id)
client_contacts|client_contacts_one_primary_active_per_client|CREATE UNIQUE INDEX client_contacts_one_primary_active_per_client ON public.client_contacts USING btree (client_id) WHERE ((is_primary = true) AND (is_active = true) AND (deleted_at IS NULL))
client_contacts|client_contacts_pkey|CREATE UNIQUE INDEX client_contacts_pkey ON public.client_contacts USING btree (id)
client_credentials|client_credentials_client_id_fingerprint_sha256_status_unique|CREATE UNIQUE INDEX client_credentials_client_id_fingerprint_sha256_status_unique ON public.client_credentials USING btree (client_id, fingerprint_sha256, status)
client_credentials|client_credentials_client_id_status_index|CREATE INDEX client_credentials_client_id_status_index ON public.client_credentials USING btree (client_id, status)
client_credentials|client_credentials_office_id_valid_to_index|CREATE INDEX client_credentials_office_id_valid_to_index ON public.client_credentials USING btree (office_id, valid_to)
client_credentials|client_credentials_pkey|CREATE UNIQUE INDEX client_credentials_pkey ON public.client_credentials USING btree (id)
client_custom_fields|client_custom_fields_field_key_unique|CREATE UNIQUE INDEX client_custom_fields_field_key_unique ON public.client_custom_fields USING btree (field_key)
client_custom_fields|client_custom_fields_office_id_client_id_index|CREATE INDEX client_custom_fields_office_id_client_id_index ON public.client_custom_fields USING btree (office_id, client_id)
client_custom_fields|client_custom_fields_pkey|CREATE UNIQUE INDEX client_custom_fields_pkey ON public.client_custom_fields USING btree (id)
client_tax_regime_periods|client_tax_regime_periods_pkey|CREATE UNIQUE INDEX client_tax_regime_periods_pkey ON public.client_tax_regime_periods USING btree (id)
client_tax_regime_periods|ctrp_office_client_from_idx|CREATE INDEX ctrp_office_client_from_idx ON public.client_tax_regime_periods USING btree (office_id, client_id, effective_from)
client_tax_regime_periods|ctrp_office_client_regime_from_uq|CREATE UNIQUE INDEX ctrp_office_client_regime_from_uq ON public.client_tax_regime_periods USING btree (office_id, client_id, regime_code, effective_from)
clients|clients_office_id_legal_name_index|CREATE INDEX clients_office_id_legal_name_index ON public.clients USING btree (office_id, legal_name)
clients|clients_office_id_matrix_client_id_index|CREATE INDEX clients_office_id_matrix_client_id_index ON public.clients USING btree (office_id, matrix_client_id)
clients|clients_office_id_root_cnpj_index|CREATE INDEX clients_office_id_root_cnpj_index ON public.clients USING btree (office_id, root_cnpj)
clients|clients_pkey|CREATE UNIQUE INDEX clients_pkey ON public.clients USING btree (id)
cte_coverage_snapshots|cte_coverage_office_client_period|CREATE UNIQUE INDEX cte_coverage_office_client_period ON public.cte_coverage_snapshots USING btree (office_id, client_id, period)
cte_coverage_snapshots|cte_coverage_snapshots_office_id_status_index|CREATE INDEX cte_coverage_snapshots_office_id_status_index ON public.cte_coverage_snapshots USING btree (office_id, status)
cte_coverage_snapshots|cte_coverage_snapshots_pkey|CREATE UNIQUE INDEX cte_coverage_snapshots_pkey ON public.cte_coverage_snapshots USING btree (id)
cte_documents|cte_documents_office_coverage|CREATE INDEX cte_documents_office_coverage ON public.cte_documents USING btree (office_id, coverage_status)
cte_documents|cte_documents_office_expeditor|CREATE INDEX cte_documents_office_expeditor ON public.cte_documents USING btree (office_id, expeditor_cnpj)
cte_documents|cte_documents_office_id_direction_index|CREATE INDEX cte_documents_office_id_direction_index ON public.cte_documents USING btree (office_id, direction)
cte_documents|cte_documents_office_id_issued_at_index|CREATE INDEX cte_documents_office_id_issued_at_index ON public.cte_documents USING btree (office_id, issued_at)
cte_documents|cte_documents_office_id_issuer_cnpj_index|CREATE INDEX cte_documents_office_id_issuer_cnpj_index ON public.cte_documents USING btree (office_id, issuer_cnpj)
cte_documents|cte_documents_office_id_taker_cnpj_index|CREATE INDEX cte_documents_office_id_taker_cnpj_index ON public.cte_documents USING btree (office_id, taker_cnpj)
cte_documents|cte_documents_office_key_summary|CREATE UNIQUE INDEX cte_documents_office_key_summary ON public.cte_documents USING btree (office_id, access_key, is_summary)
cte_documents|cte_documents_office_receiver|CREATE INDEX cte_documents_office_receiver ON public.cte_documents USING btree (office_id, receiver_cnpj)
cte_documents|cte_documents_pkey|CREATE UNIQUE INDEX cte_documents_pkey ON public.cte_documents USING btree (id)
cte_events|cte_events_cte_document_id_index|CREATE INDEX cte_events_cte_document_id_index ON public.cte_events USING btree (cte_document_id)
cte_events|cte_events_office_id_access_key_index|CREATE INDEX cte_events_office_id_access_key_index ON public.cte_events USING btree (office_id, access_key)
cte_events|cte_events_office_key_type_seq|CREATE UNIQUE INDEX cte_events_office_key_type_seq ON public.cte_events USING btree (office_id, access_key, event_type, sequence)
cte_events|cte_events_pkey|CREATE UNIQUE INDEX cte_events_pkey ON public.cte_events USING btree (id)
dctfweb_darf_documents|dctfweb_darf_documents_pkey|CREATE UNIQUE INDEX dctfweb_darf_documents_pkey ON public.dctfweb_darf_documents USING btree (id)
dctfweb_darf_documents|dctfweb_darf_office_client_decl_idx|CREATE INDEX dctfweb_darf_office_client_decl_idx ON public.dctfweb_darf_documents USING btree (office_id, client_id, declaration_id)
dctfweb_darf_documents|dctfweb_darf_office_sha_uq|CREATE UNIQUE INDEX dctfweb_darf_office_sha_uq ON public.dctfweb_darf_documents USING btree (office_id, content_sha256)
dctfweb_declarations|dctfweb_decl_office_client_period_uq|CREATE UNIQUE INDEX dctfweb_decl_office_client_period_uq ON public.dctfweb_declarations USING btree (office_id, client_id, period_key)
dctfweb_declarations|dctfweb_decl_office_client_sit_idx|CREATE INDEX dctfweb_decl_office_client_sit_idx ON public.dctfweb_declarations USING btree (office_id, client_id, situation)
dctfweb_declarations|dctfweb_decl_office_tx_idx|CREATE INDEX dctfweb_decl_office_tx_idx ON public.dctfweb_declarations USING btree (office_id, transmission_status)
dctfweb_declarations|dctfweb_declarations_pkey|CREATE UNIQUE INDEX dctfweb_declarations_pkey ON public.dctfweb_declarations USING btree (id)
dctfweb_evidence_versions|dctfweb_ev_current_idx|CREATE INDEX dctfweb_ev_current_idx ON public.dctfweb_evidence_versions USING btree (office_id, declaration_id, artifact_kind, is_current)
dctfweb_evidence_versions|dctfweb_ev_decl_kind_ver_uq|CREATE UNIQUE INDEX dctfweb_ev_decl_kind_ver_uq ON public.dctfweb_evidence_versions USING btree (office_id, declaration_id, artifact_kind, version)
dctfweb_evidence_versions|dctfweb_ev_office_sha_idx|CREATE INDEX dctfweb_ev_office_sha_idx ON public.dctfweb_evidence_versions USING btree (office_id, content_sha256)
dctfweb_evidence_versions|dctfweb_evidence_versions_pkey|CREATE UNIQUE INDEX dctfweb_evidence_versions_pkey ON public.dctfweb_evidence_versions USING btree (id)
dctfweb_mutation_attempts|dctfweb_mut_block_idx|CREATE INDEX dctfweb_mut_block_idx ON public.dctfweb_mutation_attempts USING btree (office_id, status, blocked_retry_until)
dctfweb_mutation_attempts|dctfweb_mut_office_client_status_idx|CREATE INDEX dctfweb_mut_office_client_status_idx ON public.dctfweb_mutation_attempts USING btree (office_id, client_id, status)
dctfweb_mutation_attempts|dctfweb_mut_office_idem_uq|CREATE UNIQUE INDEX dctfweb_mut_office_idem_uq ON public.dctfweb_mutation_attempts USING btree (office_id, idempotency_key)
dctfweb_mutation_attempts|dctfweb_mutation_attempts_pkey|CREATE UNIQUE INDEX dctfweb_mutation_attempts_pkey ON public.dctfweb_mutation_attempts USING btree (id)
dfe_documents|dfe_documents_office_id_access_key_index|CREATE INDEX dfe_documents_office_id_access_key_index ON public.dfe_documents USING btree (office_id, access_key)
dfe_documents|dfe_documents_office_id_sha256_unique|CREATE UNIQUE INDEX dfe_documents_office_id_sha256_unique ON public.dfe_documents USING btree (office_id, sha256)
dfe_documents|dfe_documents_pkey|CREATE UNIQUE INDEX dfe_documents_pkey ON public.dfe_documents USING btree (id)
document_acquisitions|document_acquisitions_batch_item|CREATE INDEX document_acquisitions_batch_item ON public.document_acquisitions USING btree (document_import_batch_item_id)
document_acquisitions|document_acquisitions_doc_source_sha|CREATE UNIQUE INDEX document_acquisitions_doc_source_sha ON public.document_acquisitions USING btree (dfe_document_id, source, sha256)
document_acquisitions|document_acquisitions_office_id_access_key_index|CREATE INDEX document_acquisitions_office_id_access_key_index ON public.document_acquisitions USING btree (office_id, access_key)
document_acquisitions|document_acquisitions_office_id_source_index|CREATE INDEX document_acquisitions_office_id_source_index ON public.document_acquisitions USING btree (office_id, source)
document_acquisitions|document_acquisitions_office_nsu|CREATE INDEX document_acquisitions_office_nsu ON public.document_acquisitions USING btree (office_id, nsu)
document_acquisitions|document_acquisitions_office_quality|CREATE INDEX document_acquisitions_office_quality ON public.document_acquisitions USING btree (office_id, artifact_quality)
document_acquisitions|document_acquisitions_office_source_channel|CREATE INDEX document_acquisitions_office_source_channel ON public.document_acquisitions USING btree (office_id, source, channel)
document_acquisitions|document_acquisitions_pkey|CREATE UNIQUE INDEX document_acquisitions_pkey ON public.document_acquisitions USING btree (id)
document_import_batch_items|document_import_batch_items_batch_index_unique|CREATE UNIQUE INDEX document_import_batch_items_batch_index_unique ON public.document_import_batch_items USING btree (document_import_batch_id, item_index)
document_import_batch_items|document_import_batch_items_document_import_batch_id_status_ind|CREATE INDEX document_import_batch_items_document_import_batch_id_status_ind ON public.document_import_batch_items USING btree (document_import_batch_id, status)
document_import_batch_items|document_import_batch_items_office_id_access_key_index|CREATE INDEX document_import_batch_items_office_id_access_key_index ON public.document_import_batch_items USING btree (office_id, access_key)
document_import_batch_items|document_import_batch_items_office_id_status_index|CREATE INDEX document_import_batch_items_office_id_status_index ON public.document_import_batch_items USING btree (office_id, status)
document_import_batch_items|document_import_batch_items_pkey|CREATE UNIQUE INDEX document_import_batch_items_pkey ON public.document_import_batch_items USING btree (id)
document_import_batches|document_import_batches_office_id_selection_digest_index|CREATE INDEX document_import_batches_office_id_selection_digest_index ON public.document_import_batches USING btree (office_id, selection_digest)
document_import_batches|document_import_batches_office_id_status_created_at_index|CREATE INDEX document_import_batches_office_id_status_created_at_index ON public.document_import_batches USING btree (office_id, status, created_at)
document_import_batches|document_import_batches_office_idem_unique|CREATE UNIQUE INDEX document_import_batches_office_idem_unique ON public.document_import_batches USING btree (office_id, idempotency_key)
document_import_batches|document_import_batches_pkey|CREATE UNIQUE INDEX document_import_batches_pkey ON public.document_import_batches USING btree (id)
document_import_batches|document_import_batches_public_id_unique|CREATE UNIQUE INDEX document_import_batches_public_id_unique ON public.document_import_batches USING btree (public_id)
document_interests|document_interests_doc_estab_role_channel_unique|CREATE UNIQUE INDEX document_interests_doc_estab_role_channel_unique ON public.document_interests USING btree (dfe_document_id, establishment_id, fiscal_role, channel)
document_interests|document_interests_estab_channel_nsu|CREATE INDEX document_interests_estab_channel_nsu ON public.document_interests USING btree (establishment_id, channel, nsu)
document_interests|document_interests_estab_env_ch_nsu_role_unique|CREATE UNIQUE INDEX document_interests_estab_env_ch_nsu_role_unique ON public.document_interests USING btree (establishment_id, environment, channel, nsu, fiscal_role)
document_interests|document_interests_office_direction|CREATE INDEX document_interests_office_direction ON public.document_interests USING btree (office_id, direction)
document_interests|document_interests_office_role|CREATE INDEX document_interests_office_role ON public.document_interests USING btree (office_id, fiscal_role)
document_interests|document_interests_pkey|CREATE UNIQUE INDEX document_interests_pkey ON public.document_interests USING btree (id)
esocial_event_evidences|eee_office_client_comp_event_idx|CREATE INDEX eee_office_client_comp_event_idx ON public.esocial_event_evidences USING btree (office_id, client_id, competence_period_key, event_code)
esocial_event_evidences|eee_office_client_comp_event_sha_uq|CREATE UNIQUE INDEX eee_office_client_comp_event_sha_uq ON public.esocial_event_evidences USING btree (office_id, client_id, competence_period_key, event_code, content_sha256)
esocial_event_evidences|eee_office_est_comp_idx|CREATE INDEX eee_office_est_comp_idx ON public.esocial_event_evidences USING btree (office_id, establishment_id, competence_period_key)
esocial_event_evidences|eee_office_run_idx|CREATE INDEX eee_office_run_idx ON public.esocial_event_evidences USING btree (office_id, run_id)
esocial_event_evidences|esocial_event_evidences_pkey|CREATE UNIQUE INDEX esocial_event_evidences_pkey ON public.esocial_event_evidences USING btree (id)
establishments|establishments_client_id_is_active_index|CREATE INDEX establishments_client_id_is_active_index ON public.establishments USING btree (client_id, is_active)
establishments|establishments_office_id_cnpj_unique|CREATE UNIQUE INDEX establishments_office_id_cnpj_unique ON public.establishments USING btree (office_id, cnpj)
establishments|establishments_one_matrix_per_client|CREATE UNIQUE INDEX establishments_one_matrix_per_client ON public.establishments USING btree (client_id) WHERE ((is_matrix = true) AND (deleted_at IS NULL))
establishments|establishments_pkey|CREATE UNIQUE INDEX establishments_pkey ON public.establishments USING btree (id)
exports|exports_expires_at_index|CREATE INDEX exports_expires_at_index ON public.exports USING btree (expires_at)
exports|exports_office_id_user_id_status_index|CREATE INDEX exports_office_id_user_id_status_index ON public.exports USING btree (office_id, user_id, status)
exports|exports_pkey|CREATE UNIQUE INDEX exports_pkey ON public.exports USING btree (id)
failed_jobs|failed_jobs_connection_queue_failed_at_index|CREATE INDEX failed_jobs_connection_queue_failed_at_index ON public.failed_jobs USING btree (connection, queue, failed_at)
failed_jobs|failed_jobs_pkey|CREATE UNIQUE INDEX failed_jobs_pkey ON public.failed_jobs USING btree (id)
failed_jobs|failed_jobs_uuid_unique|CREATE UNIQUE INDEX failed_jobs_uuid_unique ON public.failed_jobs USING btree (uuid)
fgts_competence_statuses|fcs_office_client_est_comp_uq|CREATE UNIQUE INDEX fcs_office_client_est_comp_uq ON public.fgts_competence_statuses USING btree (office_id, client_id, establishment_id, competence_period_key)
fgts_competence_statuses|fcs_office_client_sit_idx|CREATE INDEX fcs_office_client_sit_idx ON public.fgts_competence_statuses USING btree (office_id, client_id, situation)
fgts_competence_statuses|fcs_office_comp_idx|CREATE INDEX fcs_office_comp_idx ON public.fgts_competence_statuses USING btree (office_id, competence_period_key)
fgts_competence_statuses|fgts_competence_statuses_pkey|CREATE UNIQUE INDEX fgts_competence_statuses_pkey ON public.fgts_competence_statuses USING btree (id)
fiscal_categories|fiscal_categories_code_unique|CREATE UNIQUE INDEX fiscal_categories_code_unique ON public.fiscal_categories USING btree (code)
fiscal_categories|fiscal_categories_module_key_is_active_index|CREATE INDEX fiscal_categories_module_key_is_active_index ON public.fiscal_categories USING btree (module_key, is_active)
fiscal_categories|fiscal_categories_pkey|CREATE UNIQUE INDEX fiscal_categories_pkey ON public.fiscal_categories USING btree (id)
fiscal_competences|fiscal_comp_office_client_cat_period_uq|CREATE UNIQUE INDEX fiscal_comp_office_client_cat_period_uq ON public.fiscal_competences USING btree (office_id, client_id, fiscal_category_id, period_key)
fiscal_competences|fiscal_comp_period_idx|CREATE INDEX fiscal_comp_period_idx ON public.fiscal_competences USING btree (office_id, period_year, period_month)
fiscal_competences|fiscal_comp_situation_idx|CREATE INDEX fiscal_comp_situation_idx ON public.fiscal_competences USING btree (office_id, situation)
fiscal_competences|fiscal_competences_pkey|CREATE UNIQUE INDEX fiscal_competences_pkey ON public.fiscal_competences USING btree (id)
fiscal_document_quarantine|fiscal_document_quarantine_office_id_access_key_index|CREATE INDEX fiscal_document_quarantine_office_id_access_key_index ON public.fiscal_document_quarantine USING btree (office_id, access_key)
fiscal_document_quarantine|fiscal_document_quarantine_office_id_resolution_status_reason_i|CREATE INDEX fiscal_document_quarantine_office_id_resolution_status_reason_i ON public.fiscal_document_quarantine USING btree (office_id, resolution_status, reason)
fiscal_document_quarantine|fiscal_document_quarantine_pkey|CREATE UNIQUE INDEX fiscal_document_quarantine_pkey ON public.fiscal_document_quarantine USING btree (id)
fiscal_document_quarantine|fiscal_quarantine_office_sha_source_nsu|CREATE UNIQUE INDEX fiscal_quarantine_office_sha_source_nsu ON public.fiscal_document_quarantine USING btree (office_id, sha256, source, nsu)
fiscal_evidence_artifacts|fea_office_retention_idx|CREATE INDEX fea_office_retention_idx ON public.fiscal_evidence_artifacts USING btree (office_id, retention_until)
fiscal_evidence_artifacts|fea_office_run_idx|CREATE INDEX fea_office_run_idx ON public.fiscal_evidence_artifacts USING btree (office_id, run_id)
fiscal_evidence_artifacts|fea_office_sha_run_uq|CREATE UNIQUE INDEX fea_office_sha_run_uq ON public.fiscal_evidence_artifacts USING btree (office_id, content_sha256, run_id)
fiscal_evidence_artifacts|fiscal_evidence_artifacts_pkey|CREATE UNIQUE INDEX fiscal_evidence_artifacts_pkey ON public.fiscal_evidence_artifacts USING btree (id)
fiscal_evidence_artifacts|fiscal_evidence_artifacts_provenance_idx|CREATE INDEX fiscal_evidence_artifacts_provenance_idx ON public.fiscal_evidence_artifacts USING btree (source_provenance)
fiscal_findings|ff_office_client_active_idx|CREATE INDEX ff_office_client_active_idx ON public.fiscal_findings USING btree (office_id, client_id, is_active, severity)
fiscal_findings|ff_office_snapshot_code_uq|CREATE UNIQUE INDEX ff_office_snapshot_code_uq ON public.fiscal_findings USING btree (office_id, snapshot_id, code)
fiscal_findings|ff_office_snapshot_idx|CREATE INDEX ff_office_snapshot_idx ON public.fiscal_findings USING btree (office_id, snapshot_id)
fiscal_findings|fiscal_findings_pkey|CREATE UNIQUE INDEX fiscal_findings_pkey ON public.fiscal_findings USING btree (id)
fiscal_guide_stubs|fgs_office_client_period_idx|CREATE INDEX fgs_office_client_period_idx ON public.fiscal_guide_stubs USING btree (office_id, client_id, period_key)
fiscal_guide_stubs|fgs_office_payment_idx|CREATE INDEX fgs_office_payment_idx ON public.fiscal_guide_stubs USING btree (office_id, payment_status)
fiscal_guide_stubs|fiscal_guide_stubs_pkey|CREATE UNIQUE INDEX fiscal_guide_stubs_pkey ON public.fiscal_guide_stubs USING btree (id)
fiscal_last_update_events|fiscal_last_update_events_pkey|CREATE UNIQUE INDEX fiscal_last_update_events_pkey ON public.fiscal_last_update_events USING btree (id)
fiscal_last_update_events|flue_office_client_recv_idx|CREATE INDEX flue_office_client_recv_idx ON public.fiscal_last_update_events USING btree (office_id, client_id, received_at)
fiscal_last_update_events|flue_office_event_hash_uq|CREATE UNIQUE INDEX flue_office_event_hash_uq ON public.fiscal_last_update_events USING btree (office_id, event_hash)
fiscal_last_update_events|flue_office_sys_status_idx|CREATE INDEX flue_office_sys_status_idx ON public.fiscal_last_update_events USING btree (office_id, system_code, status)
fiscal_monitoring_runs|fiscal_monitoring_runs_pkey|CREATE UNIQUE INDEX fiscal_monitoring_runs_pkey ON public.fiscal_monitoring_runs USING btree (id)
fiscal_monitoring_runs|fiscal_monitoring_runs_provenance_idx|CREATE INDEX fiscal_monitoring_runs_provenance_idx ON public.fiscal_monitoring_runs USING btree (source_provenance)
fiscal_monitoring_runs|fmr_office_client_sys_idx|CREATE INDEX fmr_office_client_sys_idx ON public.fiscal_monitoring_runs USING btree (office_id, client_id, system_code, service_code)
fiscal_monitoring_runs|fmr_office_competence_idx|CREATE INDEX fmr_office_competence_idx ON public.fiscal_monitoring_runs USING btree (office_id, competence_id)
fiscal_monitoring_runs|fmr_office_idempotency_uq|CREATE UNIQUE INDEX fmr_office_idempotency_uq ON public.fiscal_monitoring_runs USING btree (office_id, idempotency_key)
fiscal_monitoring_runs|fmr_office_status_created_idx|CREATE INDEX fmr_office_status_created_idx ON public.fiscal_monitoring_runs USING btree (office_id, status, created_at)
fiscal_monitoring_runs|fmr_status_locked_idx|CREATE INDEX fmr_status_locked_idx ON public.fiscal_monitoring_runs USING btree (status, locked_at)
fiscal_monitoring_schedules|fiscal_monitoring_schedules_pkey|CREATE UNIQUE INDEX fiscal_monitoring_schedules_pkey ON public.fiscal_monitoring_schedules USING btree (id)
fiscal_monitoring_schedules|fms_enabled_next_idx|CREATE INDEX fms_enabled_next_idx ON public.fiscal_monitoring_schedules USING btree (is_enabled, next_run_at)
fiscal_monitoring_schedules|fms_office_client_sys_svc_op_uq|CREATE UNIQUE INDEX fms_office_client_sys_svc_op_uq ON public.fiscal_monitoring_schedules USING btree (office_id, client_id, system_code, service_code, operation_code)
fiscal_monitoring_schedules|fms_office_enabled_next_idx|CREATE INDEX fms_office_enabled_next_idx ON public.fiscal_monitoring_schedules USING btree (office_id, is_enabled, next_run_at)
fiscal_mutation_operation_events|fiscal_mutation_operation_events_pkey|CREATE UNIQUE INDEX fiscal_mutation_operation_events_pkey ON public.fiscal_mutation_operation_events USING btree (id)
fiscal_mutation_operation_events|fmoe_office_op_created_idx|CREATE INDEX fmoe_office_op_created_idx ON public.fiscal_mutation_operation_events USING btree (office_id, fiscal_mutation_operation_id, created_at)
fiscal_mutation_operations|fiscal_mutation_operations_pkey|CREATE UNIQUE INDEX fiscal_mutation_operations_pkey ON public.fiscal_mutation_operations USING btree (id)
fiscal_mutation_operations|fmo_office_client_logical_idx|CREATE INDEX fmo_office_client_logical_idx ON public.fiscal_mutation_operations USING btree (office_id, client_id, logical_key)
fiscal_mutation_operations|fmo_office_correlation_idx|CREATE INDEX fmo_office_correlation_idx ON public.fiscal_mutation_operations USING btree (office_id, correlation_id)
fiscal_mutation_operations|fmo_office_idempotency_uq|CREATE UNIQUE INDEX fmo_office_idempotency_uq ON public.fiscal_mutation_operations USING btree (office_id, idempotency_key)
fiscal_mutation_operations|fmo_office_op_idx|CREATE INDEX fmo_office_op_idx ON public.fiscal_mutation_operations USING btree (office_id, solution_code, service_code, operation_code)
fiscal_mutation_operations|fmo_office_status_idx|CREATE INDEX fmo_office_status_idx ON public.fiscal_mutation_operations USING btree (office_id, status)
fiscal_mutation_operations|fmo_preflight_token_idx|CREATE INDEX fmo_preflight_token_idx ON public.fiscal_mutation_operations USING btree (preflight_token)
fiscal_pending_items|fiscal_pending_items_pkey|CREATE UNIQUE INDEX fiscal_pending_items_pkey ON public.fiscal_pending_items USING btree (id)
fiscal_pending_items|fpi_office_client_open_dedupe_uq|CREATE UNIQUE INDEX fpi_office_client_open_dedupe_uq ON public.fiscal_pending_items USING btree (office_id, client_id, open_dedupe_key)
fiscal_pending_items|fpi_office_client_status_idx|CREATE INDEX fpi_office_client_status_idx ON public.fiscal_pending_items USING btree (office_id, client_id, status)
fiscal_pending_items|fpi_office_logical_idx|CREATE INDEX fpi_office_logical_idx ON public.fiscal_pending_items USING btree (office_id, logical_key)
fiscal_pending_items|fpi_office_status_due_idx|CREATE INDEX fpi_office_status_due_idx ON public.fiscal_pending_items USING btree (office_id, status, due_at)
fiscal_snapshots|fiscal_snapshots_pkey|CREATE UNIQUE INDEX fiscal_snapshots_pkey ON public.fiscal_snapshots USING btree (id)
fiscal_snapshots|fiscal_snapshots_provenance_idx|CREATE INDEX fiscal_snapshots_provenance_idx ON public.fiscal_snapshots USING btree (source_provenance)
fiscal_snapshots|fs_current_lookup_idx|CREATE INDEX fs_current_lookup_idx ON public.fiscal_snapshots USING btree (office_id, client_id, system_code, service_code, is_current)
fiscal_snapshots|fs_office_comp_current_idx|CREATE INDEX fs_office_comp_current_idx ON public.fiscal_snapshots USING btree (office_id, competence_id, is_current)
fiscal_snapshots|fs_office_run_idx|CREATE INDEX fs_office_run_idx ON public.fiscal_snapshots USING btree (office_id, run_id)
instance_backup_runs|instance_backup_runs_kind_status_finished_at_index|CREATE INDEX instance_backup_runs_kind_status_finished_at_index ON public.instance_backup_runs USING btree (kind, status, finished_at)
instance_backup_runs|instance_backup_runs_pkey|CREATE UNIQUE INDEX instance_backup_runs_pkey ON public.instance_backup_runs USING btree (id)
instance_backup_runs|instance_backup_runs_status_finished_at_index|CREATE INDEX instance_backup_runs_status_finished_at_index ON public.instance_backup_runs USING btree (status, finished_at)
job_batches|job_batches_pkey|CREATE UNIQUE INDEX job_batches_pkey ON public.job_batches USING btree (id)
jobs|jobs_pkey|CREATE UNIQUE INDEX jobs_pkey ON public.jobs USING btree (id)
jobs|jobs_queue_index|CREATE INDEX jobs_queue_index ON public.jobs USING btree (queue)
ma_outbound_retrieval_requests|ma_outbound_retrieval_requests_establishment_id_competence_mode|CREATE INDEX ma_outbound_retrieval_requests_establishment_id_competence_mode ON public.ma_outbound_retrieval_requests USING btree (establishment_id, competence, model)
ma_outbound_retrieval_requests|ma_outbound_retrieval_requests_office_id_status_index|CREATE INDEX ma_outbound_retrieval_requests_office_id_status_index ON public.ma_outbound_retrieval_requests USING btree (office_id, status)
ma_outbound_retrieval_requests|ma_outbound_retrieval_requests_pkey|CREATE UNIQUE INDEX ma_outbound_retrieval_requests_pkey ON public.ma_outbound_retrieval_requests USING btree (id)
ma_outbound_retrieval_requests|ma_retrieval_active_svrs_unique|CREATE UNIQUE INDEX ma_retrieval_active_svrs_unique ON public.ma_outbound_retrieval_requests USING btree (office_id, outbound_capture_profile_id, access_key, origin) WHERE (((origin)::text = 'SVRS_PORTAL_BY_KEY'::text) AND (access_key IS NOT NULL) AND (recovery_status IS NOT NULL) AND ((recovery_status)::text <> ALL ((ARRAY['CAPTURED'::character varying, 'NOT_AVAILABLE_VISIBLE'::character varying, 'BLOCKED'::character varying, 'RESOLVED_BY_OTHER_SOURCE'::character varying])::text[])))
ma_outbound_retrieval_requests|ma_retrieval_office_access_key_idx|CREATE INDEX ma_retrieval_office_access_key_idx ON public.ma_outbound_retrieval_requests USING btree (office_id, access_key)
ma_outbound_retrieval_requests|ma_retrieval_office_comp_band_idx|CREATE INDEX ma_retrieval_office_comp_band_idx ON public.ma_outbound_retrieval_requests USING btree (office_id, competence, urgency_band)
ma_outbound_retrieval_requests|ma_retrieval_office_due_band_idx|CREATE INDEX ma_retrieval_office_due_band_idx ON public.ma_outbound_retrieval_requests USING btree (office_id, due_at, urgency_band)
ma_outbound_retrieval_requests|ma_retrieval_office_next_attempt_idx|CREATE INDEX ma_retrieval_office_next_attempt_idx ON public.ma_outbound_retrieval_requests USING btree (office_id, next_attempt_at)
ma_outbound_retrieval_requests|ma_retrieval_office_next_band_idx|CREATE INDEX ma_retrieval_office_next_band_idx ON public.ma_outbound_retrieval_requests USING btree (office_id, next_attempt_at, urgency_band)
ma_outbound_retrieval_requests|ma_retrieval_office_origin_status_idx|CREATE INDEX ma_retrieval_office_origin_status_idx ON public.ma_outbound_retrieval_requests USING btree (office_id, origin, recovery_status)
ma_outbound_retrieval_requests|ma_retrieval_office_root_model_idx|CREATE INDEX ma_retrieval_office_root_model_idx ON public.ma_outbound_retrieval_requests USING btree (office_id, root_cnpj, model)
ma_outbound_retrieval_requests|ma_retrieval_office_slot_key_idx|CREATE INDEX ma_retrieval_office_slot_key_idx ON public.ma_outbound_retrieval_requests USING btree (office_id, slot_key)
ma_outbound_retrieval_requests|ma_retrieval_slot_attempt_unique|CREATE UNIQUE INDEX ma_retrieval_slot_attempt_unique ON public.ma_outbound_retrieval_requests USING btree (office_id, access_key, origin, svrs_transaction_count) WHERE (((origin)::text = 'SVRS_PORTAL_BY_KEY'::text) AND (access_key IS NOT NULL) AND (recovery_status IS NOT NULL) AND ((recovery_status)::text <> ALL ((ARRAY['CAPTURED'::character varying, 'NOT_AVAILABLE_VISIBLE'::character varying, 'BLOCKED'::character varying, 'RESOLVED_BY_OTHER_SOURCE'::character varying])::text[])))
mailbox_access_events|mae_office_msg_created_idx|CREATE INDEX mae_office_msg_created_idx ON public.mailbox_access_events USING btree (office_id, mailbox_message_id, created_at)
mailbox_access_events|mae_office_user_created_idx|CREATE INDEX mae_office_user_created_idx ON public.mailbox_access_events USING btree (office_id, user_id, created_at)
mailbox_access_events|mailbox_access_events_pkey|CREATE UNIQUE INDEX mailbox_access_events_pkey ON public.mailbox_access_events USING btree (id)
mailbox_alerts|mailbox_alerts_pkey|CREATE UNIQUE INDEX mailbox_alerts_pkey ON public.mailbox_alerts USING btree (id)
mailbox_alerts|malert_office_active_sev_idx|CREATE INDEX malert_office_active_sev_idx ON public.mailbox_alerts USING btree (office_id, is_active, severity)
mailbox_alerts|malert_office_msg_uq|CREATE UNIQUE INDEX malert_office_msg_uq ON public.mailbox_alerts USING btree (office_id, mailbox_message_id)
mailbox_attachments|ma_office_msg_idx|CREATE INDEX ma_office_msg_idx ON public.mailbox_attachments USING btree (office_id, mailbox_message_id)
mailbox_attachments|ma_office_msg_sha_uq|CREATE UNIQUE INDEX ma_office_msg_sha_uq ON public.mailbox_attachments USING btree (office_id, mailbox_message_id, content_sha256)
mailbox_attachments|mailbox_attachments_pkey|CREATE UNIQUE INDEX mailbox_attachments_pkey ON public.mailbox_attachments USING btree (id)
mailbox_contributor_states|mailbox_contributor_states_pkey|CREATE UNIQUE INDEX mailbox_contributor_states_pkey ON public.mailbox_contributor_states USING btree (id)
mailbox_contributor_states|mcs_office_client_uq|CREATE UNIQUE INDEX mcs_office_client_uq ON public.mailbox_contributor_states USING btree (office_id, client_id)
mailbox_contributor_states|mcs_office_dte_idx|CREATE INDEX mcs_office_dte_idx ON public.mailbox_contributor_states USING btree (office_id, dte_status)
mailbox_contributor_states|mcs_office_msg_idx|CREATE INDEX mcs_office_msg_idx ON public.mailbox_contributor_states USING btree (office_id, messages_status)
mailbox_messages|mailbox_messages_pkey|CREATE UNIQUE INDEX mailbox_messages_pkey ON public.mailbox_messages USING btree (id)
mailbox_messages|mm_office_client_ext_uq|CREATE UNIQUE INDEX mm_office_client_ext_uq ON public.mailbox_messages USING btree (office_id, client_id, external_id)
mailbox_messages|mm_office_client_triage_idx|CREATE INDEX mm_office_client_triage_idx ON public.mailbox_messages USING btree (office_id, client_id, triage_status)
mailbox_messages|mm_office_due_idx|CREATE INDEX mm_office_due_idx ON public.mailbox_messages USING btree (office_id, due_at)
mailbox_messages|mm_office_hash_uq|CREATE UNIQUE INDEX mm_office_hash_uq ON public.mailbox_messages USING btree (office_id, message_hash)
mailbox_messages|mm_office_recv_idx|CREATE INDEX mm_office_recv_idx ON public.mailbox_messages USING btree (office_id, received_at_official)
mdfe_documents|mdfe_documents_office_id_direction_index|CREATE INDEX mdfe_documents_office_id_direction_index ON public.mdfe_documents USING btree (office_id, direction)
mdfe_documents|mdfe_documents_office_id_issued_at_index|CREATE INDEX mdfe_documents_office_id_issued_at_index ON public.mdfe_documents USING btree (office_id, issued_at)
mdfe_documents|mdfe_documents_office_id_issuer_cnpj_index|CREATE INDEX mdfe_documents_office_id_issuer_cnpj_index ON public.mdfe_documents USING btree (office_id, issuer_cnpj)
mdfe_documents|mdfe_documents_office_key_summary|CREATE UNIQUE INDEX mdfe_documents_office_key_summary ON public.mdfe_documents USING btree (office_id, access_key, is_summary)
mdfe_documents|mdfe_documents_pkey|CREATE UNIQUE INDEX mdfe_documents_pkey ON public.mdfe_documents USING btree (id)
migrations|migrations_pkey|CREATE UNIQUE INDEX migrations_pkey ON public.migrations USING btree (id)
mit_apuracoes|mit_apur_office_client_period_uq|CREATE UNIQUE INDEX mit_apur_office_client_period_uq ON public.mit_apuracoes USING btree (office_id, client_id, period_key)
mit_apuracoes|mit_apur_office_enc_idx|CREATE INDEX mit_apur_office_enc_idx ON public.mit_apuracoes USING btree (office_id, encerramento_status)
mit_apuracoes|mit_apuracoes_pkey|CREATE UNIQUE INDEX mit_apuracoes_pkey ON public.mit_apuracoes USING btree (id)
nfe_documents|nfe_documents_office_id_acquisition_source_index|CREATE INDEX nfe_documents_office_id_acquisition_source_index ON public.nfe_documents USING btree (office_id, acquisition_source)
nfe_documents|nfe_documents_office_id_direction_index|CREATE INDEX nfe_documents_office_id_direction_index ON public.nfe_documents USING btree (office_id, direction)
nfe_documents|nfe_documents_office_id_issued_at_index|CREATE INDEX nfe_documents_office_id_issued_at_index ON public.nfe_documents USING btree (office_id, issued_at)
nfe_documents|nfe_documents_office_id_issuer_cnpj_index|CREATE INDEX nfe_documents_office_id_issuer_cnpj_index ON public.nfe_documents USING btree (office_id, issuer_cnpj)
nfe_documents|nfe_documents_office_id_manifestation_status_index|CREATE INDEX nfe_documents_office_id_manifestation_status_index ON public.nfe_documents USING btree (office_id, manifestation_status)
nfe_documents|nfe_documents_office_id_purpose_index|CREATE INDEX nfe_documents_office_id_purpose_index ON public.nfe_documents USING btree (office_id, purpose)
nfe_documents|nfe_documents_office_id_recipient_cnpj_index|CREATE INDEX nfe_documents_office_id_recipient_cnpj_index ON public.nfe_documents USING btree (office_id, recipient_cnpj)
nfe_documents|nfe_documents_office_id_status_index|CREATE INDEX nfe_documents_office_id_status_index ON public.nfe_documents USING btree (office_id, status)
nfe_documents|nfe_documents_office_key_summary|CREATE UNIQUE INDEX nfe_documents_office_key_summary ON public.nfe_documents USING btree (office_id, access_key, is_summary)
nfe_documents|nfe_documents_pkey|CREATE UNIQUE INDEX nfe_documents_pkey ON public.nfe_documents USING btree (id)
nfe_events|nfe_events_office_id_access_key_index|CREATE INDEX nfe_events_office_id_access_key_index ON public.nfe_events USING btree (office_id, access_key)
nfe_events|nfe_events_pkey|CREATE UNIQUE INDEX nfe_events_pkey ON public.nfe_events USING btree (id)
nfse_events|nfse_events_office_id_access_key_index|CREATE INDEX nfse_events_office_id_access_key_index ON public.nfse_events USING btree (office_id, access_key)
nfse_events|nfse_events_pkey|CREATE UNIQUE INDEX nfse_events_pkey ON public.nfse_events USING btree (id)
nfse_notes|nfse_notes_office_id_access_key_unique|CREATE UNIQUE INDEX nfse_notes_office_id_access_key_unique ON public.nfse_notes USING btree (office_id, access_key)
nfse_notes|nfse_notes_office_id_competence_index|CREATE INDEX nfse_notes_office_id_competence_index ON public.nfse_notes USING btree (office_id, competence)
nfse_notes|nfse_notes_office_id_direction_index|CREATE INDEX nfse_notes_office_id_direction_index ON public.nfse_notes USING btree (office_id, direction)
nfse_notes|nfse_notes_office_id_issued_at_index|CREATE INDEX nfse_notes_office_id_issued_at_index ON public.nfse_notes USING btree (office_id, issued_at)
nfse_notes|nfse_notes_office_id_issuer_cnpj_index|CREATE INDEX nfse_notes_office_id_issuer_cnpj_index ON public.nfse_notes USING btree (office_id, issuer_cnpj)
nfse_notes|nfse_notes_office_id_number_index|CREATE INDEX nfse_notes_office_id_number_index ON public.nfse_notes USING btree (office_id, number)
nfse_notes|nfse_notes_office_id_taker_cnpj_index|CREATE INDEX nfse_notes_office_id_taker_cnpj_index ON public.nfse_notes USING btree (office_id, taker_cnpj)
nfse_notes|nfse_notes_pkey|CREATE UNIQUE INDEX nfse_notes_pkey ON public.nfse_notes USING btree (id)
office_autxml_enrollments|office_autxml_enrollments_establishment_id_status_index|CREATE INDEX office_autxml_enrollments_establishment_id_status_index ON public.office_autxml_enrollments USING btree (establishment_id, status)
office_autxml_enrollments|office_autxml_enrollments_identity_estab_unique|CREATE UNIQUE INDEX office_autxml_enrollments_identity_estab_unique ON public.office_autxml_enrollments USING btree (office_fiscal_identity_id, establishment_id)
office_autxml_enrollments|office_autxml_enrollments_office_id_status_index|CREATE INDEX office_autxml_enrollments_office_id_status_index ON public.office_autxml_enrollments USING btree (office_id, status)
office_autxml_enrollments|office_autxml_enrollments_pkey|CREATE UNIQUE INDEX office_autxml_enrollments_pkey ON public.office_autxml_enrollments USING btree (id)
office_credentials|office_credentials_fp_status_unique|CREATE UNIQUE INDEX office_credentials_fp_status_unique ON public.office_credentials USING btree (office_fiscal_identity_id, fingerprint_sha256, status)
office_credentials|office_credentials_identity_purpose_status|CREATE INDEX office_credentials_identity_purpose_status ON public.office_credentials USING btree (office_fiscal_identity_id, purpose, status)
office_credentials|office_credentials_office_id_valid_to_index|CREATE INDEX office_credentials_office_id_valid_to_index ON public.office_credentials USING btree (office_id, valid_to)
office_credentials|office_credentials_one_active_per_purpose|CREATE UNIQUE INDEX office_credentials_one_active_per_purpose ON public.office_credentials USING btree (office_fiscal_identity_id, purpose) WHERE ((status)::text = 'ACTIVE'::text)
office_credentials|office_credentials_pkey|CREATE UNIQUE INDEX office_credentials_pkey ON public.office_credentials USING btree (id)
office_distribution_cursors|office_distribution_cursors_office_channel_status|CREATE INDEX office_distribution_cursors_office_channel_status ON public.office_distribution_cursors USING btree (office_id, channel, status)
office_distribution_cursors|office_distribution_cursors_office_id_channel_index|CREATE INDEX office_distribution_cursors_office_id_channel_index ON public.office_distribution_cursors USING btree (office_id, channel)
office_distribution_cursors|office_distribution_cursors_pkey|CREATE UNIQUE INDEX office_distribution_cursors_pkey ON public.office_distribution_cursors USING btree (id)
office_distribution_cursors|office_distribution_cursors_status_next_sync_at_index|CREATE INDEX office_distribution_cursors_status_next_sync_at_index ON public.office_distribution_cursors USING btree (status, next_sync_at)
office_distribution_cursors|office_distribution_cursors_stream_unique|CREATE UNIQUE INDEX office_distribution_cursors_stream_unique ON public.office_distribution_cursors USING btree (office_id, interested_root_cnpj, environment, channel)
office_distribution_runs|office_distribution_runs_office_distribution_cursor_id_created_|CREATE INDEX office_distribution_runs_office_distribution_cursor_id_created_ ON public.office_distribution_runs USING btree (office_distribution_cursor_id, created_at)
office_distribution_runs|office_distribution_runs_office_id_created_at_index|CREATE INDEX office_distribution_runs_office_id_created_at_index ON public.office_distribution_runs USING btree (office_id, created_at)
office_distribution_runs|office_distribution_runs_pkey|CREATE UNIQUE INDEX office_distribution_runs_pkey ON public.office_distribution_runs USING btree (id)
office_fiscal_category_links|ofcl_office_client_category_uq|CREATE UNIQUE INDEX ofcl_office_client_category_uq ON public.office_fiscal_category_links USING btree (office_id, client_id, fiscal_category_id)
office_fiscal_category_links|ofcl_office_client_idx|CREATE INDEX ofcl_office_client_idx ON public.office_fiscal_category_links USING btree (office_id, client_id)
office_fiscal_category_links|ofcl_office_status_cat_idx|CREATE INDEX ofcl_office_status_cat_idx ON public.office_fiscal_category_links USING btree (office_id, status, fiscal_category_id)
office_fiscal_category_links|office_fiscal_category_links_pkey|CREATE UNIQUE INDEX office_fiscal_category_links_pkey ON public.office_fiscal_category_links USING btree (id)
office_fiscal_identities|office_fiscal_identities_office_cnpj_unique|CREATE UNIQUE INDEX office_fiscal_identities_office_cnpj_unique ON public.office_fiscal_identities USING btree (office_id, cnpj)
office_fiscal_identities|office_fiscal_identities_office_id_root_cnpj_index|CREATE INDEX office_fiscal_identities_office_id_root_cnpj_index ON public.office_fiscal_identities USING btree (office_id, root_cnpj)
office_fiscal_identities|office_fiscal_identities_office_id_status_index|CREATE INDEX office_fiscal_identities_office_id_status_index ON public.office_fiscal_identities USING btree (office_id, status)
office_fiscal_identities|office_fiscal_identities_pkey|CREATE UNIQUE INDEX office_fiscal_identities_pkey ON public.office_fiscal_identities USING btree (id)
office_integration_tokens|office_integration_tokens_office_hash|CREATE UNIQUE INDEX office_integration_tokens_office_hash ON public.office_integration_tokens USING btree (office_id, token_hash)
office_integration_tokens|office_integration_tokens_office_id_status_index|CREATE INDEX office_integration_tokens_office_id_status_index ON public.office_integration_tokens USING btree (office_id, status)
office_integration_tokens|office_integration_tokens_pkey|CREATE UNIQUE INDEX office_integration_tokens_pkey ON public.office_integration_tokens USING btree (id)
office_integration_tokens|office_integration_tokens_token_prefix_index|CREATE INDEX office_integration_tokens_token_prefix_index ON public.office_integration_tokens USING btree (token_prefix)
office_serpro_authorization_events|office_serpro_authorization_events_pkey|CREATE UNIQUE INDEX office_serpro_authorization_events_pkey ON public.office_serpro_authorization_events USING btree (id)
office_serpro_authorization_events|osa_events_office_auth_idx|CREATE INDEX osa_events_office_auth_idx ON public.office_serpro_authorization_events USING btree (office_id, office_serpro_authorization_id)
office_serpro_authorizations|office_serpro_auth_office_env_uq|CREATE UNIQUE INDEX office_serpro_auth_office_env_uq ON public.office_serpro_authorizations USING btree (office_id, environment)
office_serpro_authorizations|office_serpro_authorizations_author_identity_index|CREATE INDEX office_serpro_authorizations_author_identity_index ON public.office_serpro_authorizations USING btree (author_identity)
office_serpro_authorizations|office_serpro_authorizations_office_id_status_index|CREATE INDEX office_serpro_authorizations_office_id_status_index ON public.office_serpro_authorizations USING btree (office_id, status)
office_serpro_authorizations|office_serpro_authorizations_pkey|CREATE UNIQUE INDEX office_serpro_authorizations_pkey ON public.office_serpro_authorizations USING btree (id)
office_subscriptions|office_subscriptions_office_id_unique|CREATE UNIQUE INDEX office_subscriptions_office_id_unique ON public.office_subscriptions USING btree (office_id)
office_subscriptions|office_subscriptions_pkey|CREATE UNIQUE INDEX office_subscriptions_pkey ON public.office_subscriptions USING btree (id)
office_subscriptions|office_subscriptions_status_index|CREATE INDEX office_subscriptions_status_index ON public.office_subscriptions USING btree (status)
office_user|office_user_office_id_user_id_unique|CREATE UNIQUE INDEX office_user_office_id_user_id_unique ON public.office_user USING btree (office_id, user_id)
office_user|office_user_pkey|CREATE UNIQUE INDEX office_user_pkey ON public.office_user USING btree (id)
office_user|office_user_user_id_is_active_index|CREATE INDEX office_user_user_id_is_active_index ON public.office_user USING btree (user_id, is_active)
offices|offices_pkey|CREATE UNIQUE INDEX offices_pkey ON public.offices USING btree (id)
offices|offices_slug_unique|CREATE UNIQUE INDEX offices_slug_unique ON public.offices USING btree (slug)
outbound_capacity_snapshots|outbound_capacity_comp_risk_idx|CREATE INDEX outbound_capacity_comp_risk_idx ON public.outbound_capacity_snapshots USING btree (competence, at_risk)
outbound_capacity_snapshots|outbound_capacity_office_comp_calc_idx|CREATE INDEX outbound_capacity_office_comp_calc_idx ON public.outbound_capacity_snapshots USING btree (office_id, competence, calculated_at)
outbound_capacity_snapshots|outbound_capacity_snapshots_pkey|CREATE UNIQUE INDEX outbound_capacity_snapshots_pkey ON public.outbound_capacity_snapshots USING btree (id)
outbound_capture_profiles|outbound_capture_profiles_office_id_client_id_index|CREATE INDEX outbound_capture_profiles_office_id_client_id_index ON public.outbound_capture_profiles USING btree (office_id, client_id)
outbound_capture_profiles|outbound_capture_profiles_office_id_status_index|CREATE INDEX outbound_capture_profiles_office_id_status_index ON public.outbound_capture_profiles USING btree (office_id, status)
outbound_capture_profiles|outbound_capture_profiles_pkey|CREATE UNIQUE INDEX outbound_capture_profiles_pkey ON public.outbound_capture_profiles USING btree (id)
outbound_capture_profiles|outbound_profiles_estab_env_model_unique|CREATE UNIQUE INDEX outbound_profiles_estab_env_model_unique ON public.outbound_capture_profiles USING btree (establishment_id, environment, model)
outbound_capture_runs|outbound_capture_runs_office_id_status_created_at_index|CREATE INDEX outbound_capture_runs_office_id_status_created_at_index ON public.outbound_capture_runs USING btree (office_id, status, created_at)
outbound_capture_runs|outbound_capture_runs_outbound_series_cursor_id_created_at_inde|CREATE INDEX outbound_capture_runs_outbound_series_cursor_id_created_at_inde ON public.outbound_capture_runs USING btree (outbound_series_cursor_id, created_at)
outbound_capture_runs|outbound_capture_runs_pkey|CREATE UNIQUE INDEX outbound_capture_runs_pkey ON public.outbound_capture_runs USING btree (id)
outbound_monthly_readiness|outbound_monthly_readiness_office_comp_unique|CREATE UNIQUE INDEX outbound_monthly_readiness_office_comp_unique ON public.outbound_monthly_readiness USING btree (office_id, competence)
outbound_monthly_readiness|outbound_monthly_readiness_pkey|CREATE UNIQUE INDEX outbound_monthly_readiness_pkey ON public.outbound_monthly_readiness USING btree (id)
outbound_number_states|outbound_number_profile_series_nnf_unique|CREATE UNIQUE INDEX outbound_number_profile_series_nnf_unique ON public.outbound_number_states USING btree (outbound_capture_profile_id, series, nnf)
outbound_number_states|outbound_number_states_discovered_access_key_index|CREATE INDEX outbound_number_states_discovered_access_key_index ON public.outbound_number_states USING btree (discovered_access_key)
outbound_number_states|outbound_number_states_office_id_status_index|CREATE INDEX outbound_number_states_office_id_status_index ON public.outbound_number_states USING btree (office_id, status)
outbound_number_states|outbound_number_states_outbound_series_cursor_id_status_index|CREATE INDEX outbound_number_states_outbound_series_cursor_id_status_index ON public.outbound_number_states USING btree (outbound_series_cursor_id, status)
outbound_number_states|outbound_number_states_pkey|CREATE UNIQUE INDEX outbound_number_states_pkey ON public.outbound_number_states USING btree (id)
outbound_series_cursors|outbound_series_cursors_office_id_status_next_run_at_index|CREATE INDEX outbound_series_cursors_office_id_status_next_run_at_index ON public.outbound_series_cursors USING btree (office_id, status, next_run_at)
outbound_series_cursors|outbound_series_cursors_outbound_capture_profile_id_index|CREATE INDEX outbound_series_cursors_outbound_capture_profile_id_index ON public.outbound_series_cursors USING btree (outbound_capture_profile_id)
outbound_series_cursors|outbound_series_cursors_pkey|CREATE UNIQUE INDEX outbound_series_cursors_pkey ON public.outbound_series_cursors USING btree (id)
outbound_series_cursors|outbound_series_estab_env_model_series_unique|CREATE UNIQUE INDEX outbound_series_estab_env_model_series_unique ON public.outbound_series_cursors USING btree (establishment_id, environment, model, series)
outbound_xml_recovery_attempts|outbound_xml_attempt_cohort_created_idx|CREATE INDEX outbound_xml_attempt_cohort_created_idx ON public.outbound_xml_recovery_attempts USING btree (cohort_id, created_at)
outbound_xml_recovery_attempts|outbound_xml_attempt_office_origin_result_idx|CREATE INDEX outbound_xml_attempt_office_origin_result_idx ON public.outbound_xml_recovery_attempts USING btree (office_id, origin, result)
outbound_xml_recovery_attempts|outbound_xml_recovery_attempt_num_unique|CREATE UNIQUE INDEX outbound_xml_recovery_attempt_num_unique ON public.outbound_xml_recovery_attempts USING btree (ma_outbound_retrieval_request_id, attempt_number)
outbound_xml_recovery_attempts|outbound_xml_recovery_attempts_office_id_access_key_index|CREATE INDEX outbound_xml_recovery_attempts_office_id_access_key_index ON public.outbound_xml_recovery_attempts USING btree (office_id, access_key)
outbound_xml_recovery_attempts|outbound_xml_recovery_attempts_office_id_correlation_id_index|CREATE INDEX outbound_xml_recovery_attempts_office_id_correlation_id_index ON public.outbound_xml_recovery_attempts USING btree (office_id, correlation_id)
outbound_xml_recovery_attempts|outbound_xml_recovery_attempts_office_id_result_created_at_inde|CREATE INDEX outbound_xml_recovery_attempts_office_id_result_created_at_inde ON public.outbound_xml_recovery_attempts USING btree (office_id, result, created_at)
outbound_xml_recovery_attempts|outbound_xml_recovery_attempts_pkey|CREATE UNIQUE INDEX outbound_xml_recovery_attempts_pkey ON public.outbound_xml_recovery_attempts USING btree (id)
password_reset_tokens|password_reset_tokens_pkey|CREATE UNIQUE INDEX password_reset_tokens_pkey ON public.password_reset_tokens USING btree (email)
personal_access_tokens|personal_access_tokens_expires_at_index|CREATE INDEX personal_access_tokens_expires_at_index ON public.personal_access_tokens USING btree (expires_at)
personal_access_tokens|personal_access_tokens_pkey|CREATE UNIQUE INDEX personal_access_tokens_pkey ON public.personal_access_tokens USING btree (id)
personal_access_tokens|personal_access_tokens_token_unique|CREATE UNIQUE INDEX personal_access_tokens_token_unique ON public.personal_access_tokens USING btree (token)
personal_access_tokens|personal_access_tokens_tokenable_type_tokenable_id_index|CREATE INDEX personal_access_tokens_tokenable_type_tokenable_id_index ON public.personal_access_tokens USING btree (tokenable_type, tokenable_id)
platform_memberships|platform_memberships_pkey|CREATE UNIQUE INDEX platform_memberships_pkey ON public.platform_memberships USING btree (id)
platform_memberships|platform_memberships_user_id_is_active_index|CREATE INDEX platform_memberships_user_id_is_active_index ON public.platform_memberships USING btree (user_id, is_active)
platform_memberships|platform_memberships_user_id_role_unique|CREATE UNIQUE INDEX platform_memberships_user_id_role_unique ON public.platform_memberships USING btree (user_id, role)
serpro_api_usage_entries|serpro_api_usage_entries_correlation_id_index|CREATE INDEX serpro_api_usage_entries_correlation_id_index ON public.serpro_api_usage_entries USING btree (correlation_id)
serpro_api_usage_entries|serpro_api_usage_entries_idempotency_key_unique|CREATE UNIQUE INDEX serpro_api_usage_entries_idempotency_key_unique ON public.serpro_api_usage_entries USING btree (idempotency_key)
serpro_api_usage_entries|serpro_api_usage_entries_office_id_consumption_class_occurred_a|CREATE INDEX serpro_api_usage_entries_office_id_consumption_class_occurred_a ON public.serpro_api_usage_entries USING btree (office_id, consumption_class, occurred_at)
serpro_api_usage_entries|serpro_api_usage_entries_office_id_occurred_at_index|CREATE INDEX serpro_api_usage_entries_office_id_occurred_at_index ON public.serpro_api_usage_entries USING btree (office_id, occurred_at)
serpro_api_usage_entries|serpro_api_usage_entries_office_id_service_code_occurred_at_ind|CREATE INDEX serpro_api_usage_entries_office_id_service_code_occurred_at_ind ON public.serpro_api_usage_entries USING btree (office_id, service_code, occurred_at)
serpro_api_usage_entries|serpro_api_usage_entries_pkey|CREATE UNIQUE INDEX serpro_api_usage_entries_pkey ON public.serpro_api_usage_entries USING btree (id)
serpro_api_usage_entries|serpro_api_usage_entries_price_version_id_index|CREATE INDEX serpro_api_usage_entries_price_version_id_index ON public.serpro_api_usage_entries USING btree (price_version_id)
serpro_api_usage_entries|serpro_usage_operation_key_idx|CREATE INDEX serpro_usage_operation_key_idx ON public.serpro_api_usage_entries USING btree (operation_key)
serpro_api_usage_entries|serpro_usage_request_tag_idx|CREATE INDEX serpro_usage_request_tag_idx ON public.serpro_api_usage_entries USING btree (request_tag)
serpro_api_usage_reservations|serpro_api_usage_reservations_correlation_id_index|CREATE INDEX serpro_api_usage_reservations_correlation_id_index ON public.serpro_api_usage_reservations USING btree (correlation_id)
serpro_api_usage_reservations|serpro_api_usage_reservations_idempotency_key_unique|CREATE UNIQUE INDEX serpro_api_usage_reservations_idempotency_key_unique ON public.serpro_api_usage_reservations USING btree (idempotency_key)
serpro_api_usage_reservations|serpro_api_usage_reservations_office_id_reserved_at_index|CREATE INDEX serpro_api_usage_reservations_office_id_reserved_at_index ON public.serpro_api_usage_reservations USING btree (office_id, reserved_at)
serpro_api_usage_reservations|serpro_api_usage_reservations_office_id_status_reserved_at_inde|CREATE INDEX serpro_api_usage_reservations_office_id_status_reserved_at_inde ON public.serpro_api_usage_reservations USING btree (office_id, status, reserved_at)
serpro_api_usage_reservations|serpro_api_usage_reservations_pkey|CREATE UNIQUE INDEX serpro_api_usage_reservations_pkey ON public.serpro_api_usage_reservations USING btree (id)
serpro_contracts|serpro_contracts_contractor_cnpj_index|CREATE INDEX serpro_contracts_contractor_cnpj_index ON public.serpro_contracts USING btree (contractor_cnpj)
serpro_contracts|serpro_contracts_env_status_id_idx|CREATE INDEX serpro_contracts_env_status_id_idx ON public.serpro_contracts USING btree (environment, status, id)
serpro_contracts|serpro_contracts_environment_status_index|CREATE INDEX serpro_contracts_environment_status_index ON public.serpro_contracts USING btree (environment, status)
serpro_contracts|serpro_contracts_one_active_per_environment|CREATE UNIQUE INDEX serpro_contracts_one_active_per_environment ON public.serpro_contracts USING btree (environment) WHERE ((status)::text = 'ACTIVE'::text)
serpro_contracts|serpro_contracts_pkey|CREATE UNIQUE INDEX serpro_contracts_pkey ON public.serpro_contracts USING btree (id)
serpro_operation_catalog|serpro_op_catalog_lookup_idx|CREATE INDEX serpro_op_catalog_lookup_idx ON public.serpro_operation_catalog USING btree (system_code, service_code, operation_code, effective_from, effective_to)
serpro_operation_catalog|serpro_op_catalog_operation_key_idx|CREATE INDEX serpro_op_catalog_operation_key_idx ON public.serpro_operation_catalog USING btree (operation_key)
serpro_operation_catalog|serpro_op_catalog_unique|CREATE UNIQUE INDEX serpro_op_catalog_unique ON public.serpro_operation_catalog USING btree (system_code, service_code, operation_code, effective_from)
serpro_operation_catalog|serpro_operation_catalog_pkey|CREATE UNIQUE INDEX serpro_operation_catalog_pkey ON public.serpro_operation_catalog USING btree (id)
serpro_price_tiers|serpro_price_tiers_lookup_idx|CREATE INDEX serpro_price_tiers_lookup_idx ON public.serpro_price_tiers USING btree (price_version_id, consumption_class, system_code, service_code, operation_code)
serpro_price_tiers|serpro_price_tiers_pkey|CREATE UNIQUE INDEX serpro_price_tiers_pkey ON public.serpro_price_tiers USING btree (id)
serpro_price_versions|serpro_price_versions_is_active_effective_from_index|CREATE INDEX serpro_price_versions_is_active_effective_from_index ON public.serpro_price_versions USING btree (is_active, effective_from)
serpro_price_versions|serpro_price_versions_pkey|CREATE UNIQUE INDEX serpro_price_versions_pkey ON public.serpro_price_versions USING btree (id)
serpro_price_versions|serpro_price_versions_version_code_unique|CREATE UNIQUE INDEX serpro_price_versions_version_code_unique ON public.serpro_price_versions USING btree (version_code)
serpro_service_catalog_entries|serpro_catalog_operation_key_idx|CREATE INDEX serpro_catalog_operation_key_idx ON public.serpro_service_catalog_entries USING btree (operation_key)
serpro_service_catalog_entries|serpro_catalog_unique_op|CREATE UNIQUE INDEX serpro_catalog_unique_op ON public.serpro_service_catalog_entries USING btree (catalog_version, environment, solution_code, service_code, operation_code)
serpro_service_catalog_entries|serpro_service_catalog_entries_environment_is_enabled_index|CREATE INDEX serpro_service_catalog_entries_environment_is_enabled_index ON public.serpro_service_catalog_entries USING btree (environment, is_enabled)
serpro_service_catalog_entries|serpro_service_catalog_entries_pkey|CREATE UNIQUE INDEX serpro_service_catalog_entries_pkey ON public.serpro_service_catalog_entries USING btree (id)
serpro_service_catalog_entries|serpro_service_catalog_entries_solution_code_service_code_index|CREATE INDEX serpro_service_catalog_entries_solution_code_service_code_index ON public.serpro_service_catalog_entries USING btree (solution_code, service_code)
serpro_usage_monthly_aggregates|serpro_usage_monthly_aggregates_aggregate_key_unique|CREATE UNIQUE INDEX serpro_usage_monthly_aggregates_aggregate_key_unique ON public.serpro_usage_monthly_aggregates USING btree (aggregate_key)
serpro_usage_monthly_aggregates|serpro_usage_monthly_aggregates_office_id_period_year_period_mo|CREATE INDEX serpro_usage_monthly_aggregates_office_id_period_year_period_mo ON public.serpro_usage_monthly_aggregates USING btree (office_id, period_year, period_month)
serpro_usage_monthly_aggregates|serpro_usage_monthly_aggregates_pkey|CREATE UNIQUE INDEX serpro_usage_monthly_aggregates_pkey ON public.serpro_usage_monthly_aggregates USING btree (id)
serpro_usage_monthly_aggregates|serpro_usage_monthly_aggregates_scope_period_year_period_month_|CREATE INDEX serpro_usage_monthly_aggregates_scope_period_year_period_month_ ON public.serpro_usage_monthly_aggregates USING btree (scope, period_year, period_month)
serpro_usage_reconciliation_adjustments|serpro_usage_reconciliation_adjustments_pkey|CREATE UNIQUE INDEX serpro_usage_reconciliation_adjustments_pkey ON public.serpro_usage_reconciliation_adjustments USING btree (id)
serpro_usage_reconciliation_adjustments|serpro_usage_reconciliation_adjustments_reconciliation_id_offic|CREATE INDEX serpro_usage_reconciliation_adjustments_reconciliation_id_offic ON public.serpro_usage_reconciliation_adjustments USING btree (reconciliation_id, office_id)
serpro_usage_reconciliations|serpro_recon_period_ref_unique|CREATE UNIQUE INDEX serpro_recon_period_ref_unique ON public.serpro_usage_reconciliations USING btree (period_year, period_month, official_reference)
serpro_usage_reconciliations|serpro_usage_reconciliations_period_year_period_month_status_in|CREATE INDEX serpro_usage_reconciliations_period_year_period_month_status_in ON public.serpro_usage_reconciliations USING btree (period_year, period_month, status)
serpro_usage_reconciliations|serpro_usage_reconciliations_pkey|CREATE UNIQUE INDEX serpro_usage_reconciliations_pkey ON public.serpro_usage_reconciliations USING btree (id)
sessions|sessions_last_activity_index|CREATE INDEX sessions_last_activity_index ON public.sessions USING btree (last_activity)
sessions|sessions_pkey|CREATE UNIQUE INDEX sessions_pkey ON public.sessions USING btree (id)
sessions|sessions_user_id_index|CREATE INDEX sessions_user_id_index ON public.sessions USING btree (user_id)
svrs_egress_cohort_states|svrs_egress_cohort_states_cohort_id_unique|CREATE UNIQUE INDEX svrs_egress_cohort_states_cohort_id_unique ON public.svrs_egress_cohort_states USING btree (cohort_id)
svrs_egress_cohort_states|svrs_egress_cohort_states_pkey|CREATE UNIQUE INDEX svrs_egress_cohort_states_pkey ON public.svrs_egress_cohort_states USING btree (id)
svrs_egress_cohort_states|svrs_egress_cohort_states_state_next_probe_at_index|CREATE INDEX svrs_egress_cohort_states_state_next_probe_at_index ON public.svrs_egress_cohort_states USING btree (state, next_probe_at)
sync_cursors|sync_cursors_establishment_id_environment_unique|CREATE UNIQUE INDEX sync_cursors_establishment_id_environment_unique ON public.sync_cursors USING btree (establishment_id, environment)
sync_cursors|sync_cursors_pkey|CREATE UNIQUE INDEX sync_cursors_pkey ON public.sync_cursors USING btree (id)
sync_cursors|sync_cursors_status_next_sync_at_index|CREATE INDEX sync_cursors_status_next_sync_at_index ON public.sync_cursors USING btree (status, next_sync_at)
sync_runs|sync_runs_pkey|CREATE UNIQUE INDEX sync_runs_pkey ON public.sync_runs USING btree (id)
tax_deadline_calendar_versions|tax_deadline_calendar_versions_pkey|CREATE UNIQUE INDEX tax_deadline_calendar_versions_pkey ON public.tax_deadline_calendar_versions USING btree (id)
tax_deadline_calendar_versions|tdcv_code_current_idx|CREATE INDEX tdcv_code_current_idx ON public.tax_deadline_calendar_versions USING btree (code, is_current)
tax_deadline_calendar_versions|tdcv_code_version_uq|CREATE UNIQUE INDEX tdcv_code_version_uq ON public.tax_deadline_calendar_versions USING btree (code, version)
tax_deadline_rules|tax_deadline_rules_pkey|CREATE UNIQUE INDEX tax_deadline_rules_pkey ON public.tax_deadline_rules USING btree (id)
tax_deadline_rules|tdr_cal_obligation_idx|CREATE INDEX tdr_cal_obligation_idx ON public.tax_deadline_rules USING btree (calendar_version_id, obligation_definition_id)
tax_delivery_evidences|tax_delivery_evidences_pkey|CREATE UNIQUE INDEX tax_delivery_evidences_pkey ON public.tax_delivery_evidences USING btree (id)
tax_delivery_evidences|tde_office_kind_idx|CREATE INDEX tde_office_kind_idx ON public.tax_delivery_evidences USING btree (office_id, kind)
tax_delivery_evidences|tde_office_proj_concl_idx|CREATE INDEX tde_office_proj_concl_idx ON public.tax_delivery_evidences USING btree (office_id, projection_id, is_conclusive)
tax_guide_download_tokens|tax_guide_download_tokens_pkey|CREATE UNIQUE INDEX tax_guide_download_tokens_pkey ON public.tax_guide_download_tokens USING btree (id)
tax_guide_download_tokens|tgdt_office_exp_idx|CREATE INDEX tgdt_office_exp_idx ON public.tax_guide_download_tokens USING btree (office_id, expires_at)
tax_guide_download_tokens|tgdt_office_token_uq|CREATE UNIQUE INDEX tgdt_office_token_uq ON public.tax_guide_download_tokens USING btree (office_id, token_hash)
tax_guide_payment_confirmations|tax_guide_payment_confirmations_pkey|CREATE UNIQUE INDEX tax_guide_payment_confirmations_pkey ON public.tax_guide_payment_confirmations USING btree (id)
tax_guide_payment_confirmations|tgpc_office_digest_uq|CREATE UNIQUE INDEX tgpc_office_digest_uq ON public.tax_guide_payment_confirmations USING btree (office_id, evidence_digest)
tax_guide_payment_confirmations|tgpc_office_guide_idx|CREATE INDEX tgpc_office_guide_idx ON public.tax_guide_payment_confirmations USING btree (office_id, tax_guide_id)
tax_guide_payment_confirmations|tgpc_office_src_ext_uq|CREATE UNIQUE INDEX tgpc_office_src_ext_uq ON public.tax_guide_payment_confirmations USING btree (office_id, source, external_id)
tax_guide_versions|tax_guide_versions_pkey|CREATE UNIQUE INDEX tax_guide_versions_pkey ON public.tax_guide_versions USING btree (id)
tax_guide_versions|tgv_office_guide_current_idx|CREATE INDEX tgv_office_guide_current_idx ON public.tax_guide_versions USING btree (office_id, tax_guide_id, is_current)
tax_guide_versions|tgv_office_guide_ver_uq|CREATE UNIQUE INDEX tgv_office_guide_ver_uq ON public.tax_guide_versions USING btree (office_id, tax_guide_id, version_number)
tax_guide_versions|tgv_office_idem_uq|CREATE UNIQUE INDEX tgv_office_idem_uq ON public.tax_guide_versions USING btree (office_id, idempotency_key)
tax_guide_versions|tgv_office_status_recon_idx|CREATE INDEX tgv_office_status_recon_idx ON public.tax_guide_versions USING btree (office_id, emission_status, reconcile_after)
tax_guides|tax_guides_pkey|CREATE UNIQUE INDEX tax_guides_pkey ON public.tax_guides USING btree (id)
tax_guides|tg_office_client_pay_idx|CREATE INDEX tg_office_client_pay_idx ON public.tax_guides USING btree (office_id, client_id, payment_status)
tax_guides|tg_office_due_idx|CREATE INDEX tg_office_due_idx ON public.tax_guides USING btree (office_id, due_at)
tax_guides|tg_office_logical_uq|CREATE UNIQUE INDEX tg_office_logical_uq ON public.tax_guides USING btree (office_id, logical_key)
tax_guides|tg_office_sys_svc_idx|CREATE INDEX tg_office_sys_svc_idx ON public.tax_guides USING btree (office_id, system_code, service_code)
tax_installment_orders|tax_installment_orders_pkey|CREATE UNIQUE INDEX tax_installment_orders_pkey ON public.tax_installment_orders USING btree (id)
tax_installment_orders|tio_office_client_mod_ext_uq|CREATE UNIQUE INDEX tio_office_client_mod_ext_uq ON public.tax_installment_orders USING btree (office_id, client_id, modality, external_order_id)
tax_installment_orders|tio_office_client_mod_idx|CREATE INDEX tio_office_client_mod_idx ON public.tax_installment_orders USING btree (office_id, client_id, modality)
tax_installment_orders|tio_office_situation_idx|CREATE INDEX tio_office_situation_idx ON public.tax_installment_orders USING btree (office_id, situation)
tax_installment_parcels|tax_installment_parcels_pkey|CREATE UNIQUE INDEX tax_installment_parcels_pkey ON public.tax_installment_parcels USING btree (id)
tax_installment_parcels|tax_installment_parcels_tax_guide_id_index|CREATE INDEX tax_installment_parcels_tax_guide_id_index ON public.tax_installment_parcels USING btree (tax_guide_id)
tax_installment_parcels|tip_office_client_logical_uq|CREATE UNIQUE INDEX tip_office_client_logical_uq ON public.tax_installment_parcels USING btree (office_id, client_id, logical_key)
tax_installment_parcels|tip_office_client_status_due_idx|CREATE INDEX tip_office_client_status_due_idx ON public.tax_installment_parcels USING btree (office_id, client_id, status, due_at)
tax_installment_parcels|tip_office_modality_idx|CREATE INDEX tip_office_modality_idx ON public.tax_installment_parcels USING btree (office_id, modality)
tax_installment_parcels|tip_office_order_parcel_uq|CREATE UNIQUE INDEX tip_office_order_parcel_uq ON public.tax_installment_parcels USING btree (office_id, order_id, parcel_key)
tax_installment_payments|tax_installment_payments_pkey|CREATE UNIQUE INDEX tax_installment_payments_pkey ON public.tax_installment_payments USING btree (id)
tax_installment_payments|tipay_office_client_status_idx|CREATE INDEX tipay_office_client_status_idx ON public.tax_installment_payments USING btree (office_id, client_id, status)
tax_installment_payments|tipay_office_parcel_ref_uq|CREATE UNIQUE INDEX tipay_office_parcel_ref_uq ON public.tax_installment_payments USING btree (office_id, parcel_id, payment_ref)
tax_obligation_definitions|tax_obligation_definitions_code_unique|CREATE UNIQUE INDEX tax_obligation_definitions_code_unique ON public.tax_obligation_definitions USING btree (code)
tax_obligation_definitions|tax_obligation_definitions_pkey|CREATE UNIQUE INDEX tax_obligation_definitions_pkey ON public.tax_obligation_definitions USING btree (id)
tax_obligation_definitions|tod_module_active_idx|CREATE INDEX tod_module_active_idx ON public.tax_obligation_definitions USING btree (module_key, is_active)
tax_obligation_projections|tax_obligation_projections_pkey|CREATE UNIQUE INDEX tax_obligation_projections_pkey ON public.tax_obligation_projections USING btree (id)
tax_obligation_projections|top_office_appl_delivery_idx|CREATE INDEX top_office_appl_delivery_idx ON public.tax_obligation_projections USING btree (office_id, applicability, delivery_status)
tax_obligation_projections|top_office_client_obl_period_uq|CREATE UNIQUE INDEX top_office_client_obl_period_uq ON public.tax_obligation_projections USING btree (office_id, client_id, obligation_definition_id, period_key)
tax_obligation_projections|top_office_client_sit_idx|CREATE INDEX top_office_client_sit_idx ON public.tax_obligation_projections USING btree (office_id, client_id, situation)
tax_obligation_projections|top_office_open_due_idx|CREATE INDEX top_office_open_due_idx ON public.tax_obligation_projections USING btree (office_id, is_open, due_at)
tax_obligation_projections|top_office_period_idx|CREATE INDEX top_office_period_idx ON public.tax_obligation_projections USING btree (office_id, period_year, period_month)
tax_obligation_regime_rules|tax_obligation_regime_rules_pkey|CREATE UNIQUE INDEX tax_obligation_regime_rules_pkey ON public.tax_obligation_regime_rules USING btree (id)
tax_obligation_regime_rules|torr_version_appl_idx|CREATE INDEX torr_version_appl_idx ON public.tax_obligation_regime_rules USING btree (obligation_version_id, applicability)
tax_obligation_regime_rules|torr_version_regime_uq|CREATE UNIQUE INDEX torr_version_regime_uq ON public.tax_obligation_regime_rules USING btree (obligation_version_id, tax_regime)
tax_obligation_versions|tax_obligation_versions_pkey|CREATE UNIQUE INDEX tax_obligation_versions_pkey ON public.tax_obligation_versions USING btree (id)
tax_obligation_versions|tov_obligation_current_idx|CREATE INDEX tov_obligation_current_idx ON public.tax_obligation_versions USING btree (obligation_definition_id, is_current)
tax_obligation_versions|tov_obligation_rule_key_uq|CREATE UNIQUE INDEX tov_obligation_rule_key_uq ON public.tax_obligation_versions USING btree (obligation_definition_id, rule_key)
tax_obligation_versions|tov_obligation_version_uq|CREATE UNIQUE INDEX tov_obligation_version_uq ON public.tax_obligation_versions USING btree (obligation_definition_id, version)
tax_proxy_powers|tax_proxy_powers_office_id_client_id_status_index|CREATE INDEX tax_proxy_powers_office_id_client_id_status_index ON public.tax_proxy_powers USING btree (office_id, client_id, status)
tax_proxy_powers|tax_proxy_powers_office_id_contributor_cnpj_index|CREATE INDEX tax_proxy_powers_office_id_contributor_cnpj_index ON public.tax_proxy_powers USING btree (office_id, contributor_cnpj)
tax_proxy_powers|tax_proxy_powers_office_id_power_code_status_index|CREATE INDEX tax_proxy_powers_office_id_power_code_status_index ON public.tax_proxy_powers USING btree (office_id, power_code, status)
tax_proxy_powers|tax_proxy_powers_pkey|CREATE UNIQUE INDEX tax_proxy_powers_pkey ON public.tax_proxy_powers USING btree (id)
tax_proxy_powers|tax_proxy_powers_unique_power|CREATE UNIQUE INDEX tax_proxy_powers_unique_power ON public.tax_proxy_powers USING btree (office_id, client_id, power_code, author_identity, source)
users|users_email_unique|CREATE UNIQUE INDEX users_email_unique ON public.users USING btree (email)
users|users_pkey|CREATE UNIQUE INDEX users_pkey ON public.users USING btree (id)
